{
    "Nifty_Auto": {
        "sector": "Nifty_Auto",
        "strategy_return": 0.4886773609093842,
        "buyhold_return": 0.06835139567906512,
        "win_rate": 66.66666666666666,
        "max_drawdown": -0.12281254403579582,
        "sharpe_ratio": 0.9279149482831535,
        "total_signals": 18
    },
    "Nifty_FMCG": {
        "sector": "Nifty_FMCG",
        "strategy_return": 0.269696952852422,
        "buyhold_return": 0.07734422174510613,
        "win_rate": 66.66666666666666,
        "max_drawdown": -0.061487138533868196,
        "sharpe_ratio": 1.0824287037176734,
        "total_signals": 15
    },
    "Nifty_Infra": {
        "sector": "Nifty_Infra",
        "strategy_return": 0.8247275689849898,
        "buyhold_return": 0.3370089266227183,
        "win_rate": 75.0,
        "max_drawdown": -0.036318805135706025,
        "sharpe_ratio": 1.5753372286176819,
        "total_signals": 16
    }
}