,Nifty_Pharma,Nifty_IT,Nifty_Bank,Nifty_Auto,Nifty_FMCG,Nifty_50,Nifty_Metal,Nifty_Energy,Nifty_Infra,Nifty_PSE,Nifty_Realty,Nifty_Media
Rising Rates,0.011167698037601467,0.044579501484117955,0.10346812608370012,0.0784689675472922,0.20890768452839084,0.0857819359355886,0.010367966261096635,0.10240992095927981,0.05352820894771047,0.04322748722714855,0.14696073174358637,0.003052310861985541
Falling Rates,0.15007464581930466,-0.009462859008579254,-0.028202665618646518,0.04322589194055128,-0.10464909723234346,-0.02541232740607828,0.05072791203057554,-0.06670255024342313,-0.041750605444028685,-0.12470966977080304,-0.3491464894986488,-0.558242996796374
Rising Oil,0.08962651548942971,0.2753794035184009,0.24591214050773824,0.19390519807899403,0.08299315809966329,0.1799348366272002,0.32599788196927715,0.23628651199884274,0.11096244088795079,0.21482394696947243,0.22604190942383628,0.1685426740571866
Falling Oil,0.2118412904138709,0.1272300485634651,0.05620446413620002,0.10015539987858632,0.2150226866868079,0.0845691715849224,-0.07839185282111807,0.016726828012623644,0.009094465650074277,-0.06448338947183202,-0.10517510930418647,-0.0353978971824924
High VIX,0.11178390129634883,0.21844401086066506,0.13256585362087855,0.07310842328761312,0.08555939207159617,0.10635113849377145,0.09021936383604276,-0.006039450262466339,-0.03058370170818235,-0.0823229279705036,-0.1278093383680943,-0.11513812622055869
Low VIX,0.22471346179184365,0.13929227548221568,0.19826581194245077,0.16742549533702017,0.15244256857919558,0.14999530984799997,0.17105303630563065,0.12373281385271129,0.11540168261005324,0.12980333105245045,0.18951207029533412,0.045511177316400156
