{
  "Nifty_Realty_Return": {
    "params": {
      "learning_rate": 0.19855052561206804,
      "max_depth": 4,
      "n_estimators": 244,
      "subsample": 0.5397521160263511,
      "colsample_bytree": 0.6908247057989069,
      "min_child_weight": 3
    },
    "best_f1": 0.504876403376234
  }
}